modelNumber,name,price
TS TS7174M,,$19.99 
PFB PF7174M,,$19.99 
PFB PF7178M,,$17.99 
SS SS7178X,,$39.99 
PFB PF7178X,,$27.99 
TS TS7178X,,$27.99 
ADO AD7178,,$61.99 
TS TS7178M,,$17.99 
TS TS7110CM,,$16.49 
PFB PF7110CM,,$16.49 
SS SS7155X,,$41.99 
TS TS7155M,,$13.99 
PFB PF7155M,,$15.99 
TS TS7180,,$16.49 
PFB PF7180M,,$16.49 
SS SS7180,,$29.99 
PFB PF7181M,,$15.99 
SS SS7181M,,$39.99 
TS TS7181M,,$15.99 
PFB PF7182M,,$16.49 
TS TS7182,,$16.49 
TS TS7183,,$9.99 
PFB PF7183M,,$15.99 
SS SS7183,,$24.99 
PFB PF7184M,,$21.99 
TS TS7184M,,$21.99 
PFB PF7186M,,$17.99 
PFB PF7186X,,$27.99 
TS TS7186,,$17.99 
SS SS7186,,$25.99 
SS SS7572M,,$59.99 
TS TS7572M,,$23.99 
PFB PF7572M,,$23.99 
TS TS7198M,,$19.99 
PFB PF7198M,,$22.99 
PFB PF7192M,,$15.99 
TS TS7192M,,$11.99 
SS SS7192M,,$25.99 
TS TS7204,,$19.49 
PFB PF7204M,,$19.49 
PFB PF7208M,,$24.99 
SS SS7208,,$29.99 
TS TS7208,,$24.99 
PFB PF7207M,,$18.99 
TS TS7207,,$18.99 
SS SS7212,,$26.99 
PFB PF7212M,,$19.99 
TS TS7212,,$19.99 
PFB PF7213X,,$27.99 
TS TS7213,,$21.99 
SS SS7213X,,$39.99 
TS TS7215,,$12.99 
PFB PF7215M,,$15.99 
SS SS7215,,$25.99 
PFB PF7169AM,,$21.59 
TS TS7169AM,,$21.59 
SS SS7220M,,$37.99 
PFB PF7220M,,$20.99 
SS SS7220X,,$49.99 
TS TS7220M,,$19.99 
SS SS7146D,,$29.99 
PFB PF7146DM,,$20.99 
TS TS7146D,,$20.99 
PFB PF7221M,,$17.99 
TS TS7221M,,$17.99 
SS SS7221M,,$25.99 
TS TS7222AM,,$24.99 
SS SS7222AM,,$51.99 
PFB PF7222AM,,$24.99 
SS SS7223X,,$37.80 
PFB PF7223X,,$25.20 
TS TS7223X,,$25.20 
PFB PF7223M,,$26.10 
ADO AD7223,,$55.80 
TS TS7223,,$15.75 
TS TS7224M,,$19.99 
SS SS7224M,,$41.99 
PFB PF7224M,,$19.99 
PFB PF7227M,,$23.99 
TS TS7227M,,$23.99 
TS TS7186A,,$17.99 
SS SS7186AX,,$39.99 
TS TS7186AX,,$27.99 
ADO AD7186A,,$61.99 
PFB PF7186AX,,$27.99 
SS SS7228X,,$44.99 
ADO AD7228,,$59.08 
PFB PF7228X,,$25.19 
PFB PF7228M,,$19.79 
TS TS7228X,,$25.19 
TS TS7228M,,$19.79 
PFB PF7229M,,$17.49 
SS SS7229X,,$33.99 
TS TS7229M,,$17.49 
TS TS7231A,,$23.99 
PFB PF7231AX,,$27.99 
SS SS7231AX,,$49.99 
PFB PF7206M,,$15.99 
SS SS7206,,$31.99 
TS TS7206,,$13.99 
PFB PF7232M,,$25.99 
TS TS7232,,$25.99 
TS TS7238,,$26.99 
PFB PF7238M,,$26.49 
PFB PF7240M,,$17.99 
TS TS7240M,,$17.99 
SS SS7241X,,$39.99 
PFB PF7241X,,$27.99 
TS TS7241,,$23.99 
PFB PF7242M,,$19.99 
TS TS7242M,,$19.99 
SS SS7242M,,$36.99 
PFB PF7244M,,$16.99 
TS TS7244,,$16.99 
TS TS7245,,$19.99 
PFB PF7245M,,$23.99 
SS SS7247X,,$39.99 
PFB PF7247X,,$27.99 
TS TS7247X,,$27.99 
PFB PF7247M,,$16.99 
TS TS7247,,$15.99 
TS TS7249M,,$25.49 
PFB PF7249M,,$25.49 
PFB PF7250AM,,$19.99 
TS TS7250AM,,$19.99 
TS TS788AM,,$26.99 
SS SS788AM,,$39.99 
PFB PF788AM,,$26.99 
PFB PF7253X,,$27.99 
TS TS7253,,$20.99 
SS SS7253X,,$36.99 
PFB PF7233X,,$27.99 
SS SS7233X,,$39.99 
TS TS7233,,$20.99 
TS TS7257,,$19.99 
PFB PF7257M,,$23.99 
TS TS7259M,,$19.99 
SS SS7259M,,$36.99 
SS SS7259X,,$52.99 
PFB PF7259M,,$20.99 
SS SS7263X,,$35.99 
TS TS7263M,,$23.99 
PFB PF7263M,,$23.99 
SS SS7265X,,$54.99 
ADO AD7265,,$61.99 
PFB PF7265M,,$21.99 
TS TS7265M,,$21.99 
SS SS7265M,,$47.99 
PFB PF7265X,,$27.99 
SS SS7266M,,$39.99 
TS TS7266M,,$21.99 
PFB PF7266M,,$21.99 
SS SS7266X,,$49.99 
ADO AD7272,,$61.99 
PFB PF7272X,,$27.99 
SS SS7272X,,$41.99 
TS TS7272X,,$27.99 
TS TS7272,,$21.99 
TS TS7274AM,,$19.99 
SS SS7274AM,,$52.99 
PFB PF7274AM,,$20.99 
PFB PF7276M,,$21.49 
TS TS7276M,,$21.49 
SS SS7276M,,$35.49 
SS SS7285M,,$49.99 
TS TS7285M,,$20.99 
PFB PF7285M,,$20.99 
PFB PF7203M,,$21.99 
TS TS7203M,,$21.99 
PFB PF7287M,,$20.99 
SS SS7287,,$39.99 
TS TS7287,,$20.99 
PFB PF7288M,,$17.99 
SS SS7288X,,$41.99 
TS TS7288,,$16.99 
TS TS7289,,$19.99 
SS SS7289X,,$41.99 
PFB PF7289X,,$27.99 
TS TS7494M,,$29.99 
PFB PF7494M,,$28.99 
SS SS7494M,,$52.99 
SS SS7293,,$29.99 
TS TS7293,,$21.99 
PFB PF7293M,,$21.99 
TS TS7297M,,$25.99 
PFB PF7297M,,$25.99 
PFB PF7235M,,$21.49 
SS SS7235M,,$39.99 
TS TS7235M,,$21.99 
SS SS7298,,$33.29 
PFB PF7298X,,$25.19 
TS TS7298,,$26.09 
PFB PF7298M,,$26.09 
TS TS7299M,,$29.99 
SS SS7299M,,$55.99 
PFB PF7299M,,$30.99 
PFB PF7300M,,$20.99 
TS TS7300M,,$19.99 
SS SS7300M,,$46.99 
SS SS7300X,,$57.99 
TS TS7258CM,,$21.99 
SS SS7258CM,,$39.99 
PFB PF7258CM,,$21.99 
TS TS7304A,,$23.99 
SS SS7304A,,$35.99 
PFB PF7304AM,,$23.99 
TS TS7252,,$39.99 
PFB PF7252M,,$40.99 
TS TS7308CM,,$23.99 
SS SS7308CM,,$36.99 
PFB PF7308CM,,$23.99 
SS SS7146E,,$25.99 
PFB PF7146EM,,$15.99 
TS TS7146E,,$14.99 
TS TS7318AX,,$27.99 
PFB PF7318AX,,$27.99 
ADO AD7318A,,$61.99 
PFB PF7318AM,,$19.99 
SS SS7318AX,,$42.99 
TS TS7318AM,,$19.99 
PFB PF7321M,,$15.99 
TS TS7321M,,$13.99 
SS SS7321M,,$36.99 
PFB PF7298AM,,$18.49 
TS TS7298AX,,$27.99 
TS TS7298A,,$15.99 
PFB PF7298AX,,$27.99 
SS SS7298AX,,$39.99 
PFB PF7293AM,,$15.99 
ADO AD7293A,,$61.99 
SS SS7293AM,,$39.99 
TS TS7293AM,,$15.49 
TS TS7054M,,$21.99 
PFB PF7054M,,$21.99 
SS SS7054M,,$52.99 
TS TS7331M,,$20.99 
SS SS7331X,,$54.99 
SS SS7331M,,$36.99 
ADO AD7331,,$61.99 
PFB PF7331M,,$23.99 
TS TS7336M,,$19.99 
PFB PF7336M,,$20.99 
SS SS7336M,,$31.99 
PFB PF7338X,,$27.99 
SS SS7338,,$39.99 
SS SS7338X,,$52.99 
TS TS7338,,$21.99 
TS TS7341M,,$21.99 
SS SS7341M,,$32.99 
PFB PF7341M,,$21.99 
SS SS7340M,,$39.99 
PFB PF7340M,,$21.99 
TS TS7340M,,$21.99 
TS TS7219AM,,$19.99 
PFB PF7219AM,,$19.99 
PFB PF7219AX,,$27.99 
SS SS7219AX,,$39.99 
TS TS7219AX,,$27.99 
TS TS7350M,,$19.99 
SS SS7350X,,$41.99 
ADO AD7350,,$61.99 
PFB PF7350M,,$20.99 
PFB PF7351M,,$23.99 
TS TS7351M,,$23.99 
SS SS7351X,,$42.99 
PFB PF7351X,,$27.99 
ADO AD7351,,$61.99 
TS TS7351X,,$27.99 
PFB PF7356M,,$15.99 
TS TS7356M,,$10.99 
ADO AD7357,,$61.99 
SS SS7357X,,$41.99 
TS TS7357,,$21.99 
TS TS7357X,,$27.99 
PFB PF7357X,,$27.99 
SS SS7363M,,$44.49 
TS TS7363M,,$26.49 
PFB PF7363M,,$26.49 
ADO AD7365,,$61.99 
PFB PF7365X,,$27.99 
SS SS7365X,,$52.99 
TS TS7365,,$21.99 
TS TS7365X,,$27.99 
TS TS7366M,,$25.99 
PFB PF7366M,,$25.99 
SS SS7366X,,$49.99 
PFB PF7369M,,$25.20 
TS TS7369M,,$25.20 
PFB PF7371M,,$23.99 
SS SS7371,,$31.99 
TS TS7371,,$23.99 
TS TS7278M,,$19.99 
PFB PF7278M,,$19.99 
SS SS7437X,,$64.99 
SS SS7437M,,$44.99 
PFB PF7437M,,$25.99 
TS TS7437M,,$25.99 
PFB PF7377M,,$21.99 
TS TS7377M,,$21.99 
PFB PF7082CM,,$19.99 
TS TS7082C,,$16.49 
SS SS7082C,,$27.99 
PFB PF7380M,,$20.99 
SS SS7380M,,$36.99 
SS SS7380X,,$54.99 
TS TS7380M,,$19.99 
TS TS7382X,,$27.99 
ADO AD7382,,$61.99 
PFB PF7382X,,$27.99 
TS TS7382,,$21.99 
SS SS7382X,,$48.99 
PFB PF7383M,,$26.49 
TS TS7383,,$26.99 
PFB PF7298BM,,$24.99 
TS TS7298BM,,$24.99 
SS SS7298BX,,$47.99 
PFB PF7387BM,,$24.99 
SS SS7387BM,,$39.99 
ADO AD7387B,,$61.99 
TS TS7387BX,,$27.99 
TS TS7387BM,,$24.99 
PFB PF7387BX,,$27.99 
SS SS7387BX,,$39.99 
PFB PF7389M,,$14.39 
SS SS7389X,,$22.94 
ATM C7389X,,$46.34 
TS TS7389M,,$12.59 
TS TS7390,,$17.99 
PFB PF7390X,,$27.99 
SS SS7390X,,$39.99 
TS TS7393,,$16.99 
PFB PF7393M,,$16.99 
PFB PF7408X,,$27.99 
SS SS7408X,,$54.99 
TS TS7408M,,$21.99 
SS SS7408M,,$38.99 
PFB PF7408M,,$21.99 
SS SS7410M,,$36.00 
TS TS7410M,,$20.70 
PFB PF7410M,,$20.70 
ADO AD7412,,$64.99 
TS TS7412,,$19.99 
PFB PF7412X,,$27.99 
TS TS7412X,,$27.99 
SS SS7412X,,$44.99 
TS TS7416,,$23.99 
PFB PF7416X,,$27.99 
PFB PF7416M,,$23.99 
TS TS7418X,,$27.99 
TS TS7418,,$19.99 
SS SS7418X,,$41.99 
ADO AD7418,,$61.99 
PFB PF7418X,,$27.99 
PFB PF7419M,,$20.49 
TS TS7419M,,$19.99 
ADO AD7424A,,$61.99 
TS TS7424A,,$21.99 
SS SS7424A,,$41.49 
PFB PF7424AM,,$21.99 
PFB PF7430M,,$21.99 
TS TS7430,,$21.99 
PFB PF7430X,,$27.99 
TS TS7430X,,$27.99 
SS SS7430X,,$41.99 
ADO AD7430,,$64.99 
SS SS7435M,,$39.99 
TS TS7435M,,$21.99 
ADO AD7435,,$64.99 
PFB PF7435M,,$26.99 
SS SS7442X,,$34.99 
PFB PF7442X,,$27.99 
TS TS7442,,$26.99 
TS TS7457,,$29.99 
PFB PF7457M,,$28.99 
TS TS7459X,,$27.99 
TS TS7459,,$23.99 
SS SS7459X,,$47.99 
PFB PF7459X,,$27.99 
ADO AD7459,,$64.99 
PFB PF7462M,,$24.49 
TS TS7462M,,$24.99 
SS SS7467X,,$39.99 
PFB PF7467X,,$27.99 
TS TS7467,,$24.99 
TS TS7468,,$19.99 
SS SS7468X,,$39.99 
PFB PF7468X,,$27.99 
SS SS7470AM,,$38.99 
ADO AD7470A,,$64.99 
TS TS7470AM,,$21.99 
SS SS7470AX,,$49.99 
PFB PF7470AM,,$21.99 
PFB PF7495X,,$27.99 
ADO AD7495,,$61.99 
TS TS7495,,$21.99 
SS SS7495X,,$45.49 
ADO AD7384A,,$61.99 
TS TS7384AM,,$21.99 
SS SS7384AM,,$49.99 
PFB PF7384AM,,$21.99 
TS TS7509M,,$15.99 
PFB PF7509M,,$15.99 
PFB PF7503M,,$20.49 
ADO AD7503,,$64.99 
TS TS7503M,,$20.49 
SS SS7503X,,$49.99 
SS SS7503M,,$38.99 
PFB PF7512M,,$23.99 
TS TS7512M,,$23.99 
SS SS7512X,,$43.49 
ADO AD7518A,,$61.99 
TS TS7518AM,,$20.99 
PFB PF7518AM,,$20.99 
SS SS7518AM,,$39.99 
TS TS7438C,,$23.99 
PFB PF7438CM,,$23.99 
SS SS7438C,,$39.99 
ADO AD7438C,,$61.99 
TS TS7514,,$26.99 
PFB PF7514X,,$27.99 
ADO AD7514,,$61.99 
SS SS7514X,,$39.99 
SS SS7514,,$33.99 
SS SS7545AM,,$35.49 
ADO AD7545A,,$64.99 
TS TS7545AM,,$24.99 
PFB PF7545AM,,$24.99 
TS TS7556M,,$37.99 
SS SS7556M,,$49.99 
PFB PF7556M,,$37.99 
SS SS7576M,,$42.99 
SS SS7576X,,$54.99 
TS TS7576M,,$21.99 
ADO AD7576,,$64.99 
PFB PF7576M,,$21.99 
PFB PF7576X,,$27.99 
PFB PF7590X,,$27.99 
TS TS7590,,$24.99 
ADO AD7590,,$61.99 
TS TS7590X,,$27.99 
SS SS7590X,,$41.99 
PFB PF7438DM,,$28.99 
SS SS7438DM,,$41.99 
ADO AD7438D,,$61.99 
TS TS7438DM,,$29.99 
TS TS7635M,,$19.99 
PFB PF7635M,,$19.99 
SS SS7635X,,$39.49 
PFB PF7637M,,$23.40 
TS TS7637X,,$25.20 
SS SS7637X,,$42.30 
PFB PF7637X,,$25.20 
ADO AD7637,,$55.80 
SS SS7637M,,$42.30 
TS TS7637M,,$23.40 
